standid,longitude,latitude,main_species,vol_m3_per_ha,age_years,size_in_ha
26480500,22.1362,61.8299,pine,76,102,1.6
26668500,22.0815,61.8418,pine,116,55,0.7
26480000,22.2296,61.8314,pine,179,72,0.9
18054000,21.9287,61.9813,pine,134,50,1.4
17945500,21.8704,61.9631,pine,115,33,2.2
4528000,21.8766,61.9377,pine,45,17,3.8
17945000,21.8671,61.9797,spruce,220,62,3.0
17795500,21.8093,61.9481,spruce,187,61,2.1
13817500,21.7098,61.9525,spruce,235,85,0.8
13813000,21.7100,61.9311,pine,136,50,0.7
18054500,21.9159,61.9660,pine,104,35,1.2
17587500,21.8672,61.9102,spruce,265,61,3.5
17442500,21.8819,61.8924,pine,226,63,0.9
15167000,21.9584,61.8736,spruce,293,85,0.9
26670000,21.9991,61.8791,pine,171,57,0.7
15546000,21.9455,61.8988,pine,160,70,4.5
26671000,21.9804,61.8992,pine,228,47,1.4
16868500,21.9696,61.8951,pine,240,73,0.9
17443000,21.8775,61.8678,pine,147,41,1.6
15163000,21.9646,61.8485,spruce,199,88,2.3
17959000,21.8944,61.8304,pine,167,49,1.4
17953000,21.8943,61.8365,pine,109,63,0.7
13817000,21.6343,61.9534,pine,109,42,1.0
13934000,21.5320,61.9401,pine,127,47,0.7
14061500,21.5850,61.9103,spruce,303,86,0.7
13809000,21.6238,61.8885,pine,164,78,1.1
13666000,21.6300,61.8027,spruce,316,88,1.1
13659000,21.6374,61.8191,spruce,244,81,2.2
13666500,21.6049,61.8102,spruce,66,31,0.8
13906000,21.6184,61.8969,pine,158,48,0.6
14063000,21.6045,61.8892,pine,172,84,1.6
14058000,21.5751,61.8862,pine,232,92,2.1
13900500,21.5670,61.8925,pine,100,75,0.6
14290000,21.5804,61.8519,spruce,324,81,1.0
13657000,21.5733,61.7942,pine,171,36,0.7
13644500,21.5486,61.7764,spruce,71,20,1.1
13660000,21.5837,61.8216,pine,25,14,3.3
13661000,21.5395,61.8183,spruce,132,49,1.8
14057000,21.5343,61.8976,pine,150,65,0.9
14055500,21.4834,61.9029,spruce,176,57,3.1
13396000,21.4702,61.7928,spruce,53,23,0.8
26741000,22.4709,61.7182,pine,98,54,0.6
10729000,22.4332,61.6967,spruce,162,59,0.7
10729500,22.4188,61.6965,spruce,229,88,1.2
10718500,22.3443,61.7090,spruce,197,75,2.0
26748000,22.2962,61.7903,pine,141,49,3.1
26827000,22.2592,61.7465,pine,55,51,1.3
26616000,22.2683,61.7967,pine,254,63,0.6
26829000,22.2066,61.6906,spruce,129,51,1.1
27498500,22.1843,61.6900,spruce,298,61,4.3
27602000,22.1154,61.7589,spruce,177,38,0.6
13813500,21.6736,61.9189,spruce,124,28,2.2
17796000,21.7990,61.9233,pine,81,49,0.5
13809500,21.6643,61.8790,pine,159,89,0.8
4521500,21.8022,61.8685,spruce,46,32,1.1
18093500,21.7124,61.8633,pine,181,75,1.3
17450500,21.8066,61.8577,other,164,41,0.9
18094500,21.7044,61.8369,spruce,73,49,0.6
14222000,21.6586,61.8649,spruce,212,89,1.0
15746500,21.8519,61.8098,pine,27,19,1.2
15790000,21.8187,61.8142,birch,73,34,0.6
17941000,21.7028,61.7980,pine,182,84,1.7
13644000,21.6836,61.7849,pine,156,72,0.6
13634000,21.6586,61.7426,spruce,112,89,0.6
10358500,22.5823,61.6592,spruce,185,70,0.9
10934000,22.5601,61.6592,other,163,42,0.8
26739500,22.4944,61.7372,spruce,105,34,0.5
10614500,22.4867,61.5992,spruce,271,64,1.3
10731000,22.4616,61.6951,spruce,286,88,1.9
10738500,22.4466,61.6837,spruce,238,89,0.5
27499500,22.4700,61.7705,spruce,106,48,1.0
26746500,22.4124,61.7436,spruce,66,37,1.2
26738500,22.4529,61.7266,spruce,232,70,0.8
10550000,22.4391,61.6315,other,135,79,0.8
10412000,22.3831,61.6273,pine,184,55,4.0
26745000,22.3317,61.7639,pine,260,60,1.0
26827500,22.2866,61.7301,pine,178,75,2.1
11410000,22.3348,61.6988,spruce,223,46,1.0
11420000,22.3572,61.6589,spruce,260,71,1.3
14099500,22.3747,61.6789,spruce,289,78,0.8
14099000,22.3189,61.6398,spruce,257,61,0.8
26828500,22.2273,61.7342,pine,48,20,1.1
11402000,22.2519,61.6797,pine,127,63,1.3
28247000,22.2473,61.7295,spruce,218,63,0.8
27495500,22.1687,61.7555,pine,60,33,0.7
27497000,22.1329,61.6848,pine,136,80,1.4
27497500,22.1094,61.7057,spruce,289,55,1.7
26615500,22.0624,61.8270,other,165,41,5.0
15153000,22.0399,61.8150,pine,69,118,1.1
27304500,22.0865,61.6836,spruce,175,65,2.2
27495000,22.0581,61.6980,spruce,177,49,0.6
27494500,22.0568,61.7173,spruce,296,69,1.0
18065500,22.0145,61.7885,other,86,34,1.5
27306000,22.0539,61.6661,pine,110,24,0.8
27600500,22.0278,61.7111,pine,184,65,1.4
27601000,21.9993,61.7259,pine,251,66,1.3
17904000,21.9962,61.8206,pine,187,53,0.9
18053000,22.0193,61.7646,spruce,272,83,1.2
15129500,21.9533,61.7632,spruce,42,21,0.6
15132000,21.9438,61.7598,pine,144,68,1.2
15131000,21.9846,61.7518,pine,243,96,1.9
9301000,22.3116,61.5025,spruce,259,65,3.0
14097000,22.1958,61.5754,spruce,233,54,0.6
11852500,22.1126,61.5813,pine,220,77,1.2
14178000,22.0462,61.5614,birch,158,29,1.2
10229500,22.2966,61.5576,spruce,165,49,0.6
8792500,22.1395,61.5484,pine,227,66,0.7
8779500,22.1489,61.5334,pine,161,70,3.1
9300000,22.2944,61.5105,pine,124,73,1.6
27603000,21.9458,61.6866,pine,38,36,2.1
27604000,21.9064,61.6781,pine,232,69,1.3
15130000,21.9226,61.7297,pine,99,73,0.5
15534000,21.8385,61.7809,other,115,51,0.6
15438500,21.8193,61.7736,pine,142,61,1.3
27602500,21.8299,61.7004,spruce,398,66,0.9
14088000,21.8277,61.6755,pine,75,56,3.3
14089500,21.7919,61.6907,pine,169,33,0.6
14088500,21.8015,61.6510,pine,172,65,3.5
11185000,21.7534,61.6626,spruce,270,88,0.7
14089000,21.7449,61.7344,pine,174,76,7.9
17896000,21.7279,61.7542,pine,155,54,0.7
11480500,22.2307,61.6588,spruce,178,52,0.7
11481500,22.2547,61.6616,spruce,53,18,1.2
11433000,22.3022,61.6526,pine,121,24,0.6
14100000,22.2416,61.6448,spruce,266,102,0.9
27306500,22.1555,61.6446,spruce,201,53,2.1
27308000,22.0080,61.6329,pine,114,78,1.4
14086500,21.9529,61.6183,pine,133,65,1.4
14095000,22.1033,61.6332,spruce,288,76,0.8
14178500,22.0826,61.6097,pine,203,89,2.0
11603000,22.1999,61.6269,pine,195,69,1.7
14171000,21.8730,61.6101,pine,288,38,0.6
11599000,22.1961,61.6241,spruce,148,40,2.0
14180000,22.1355,61.6001,spruce,266,95,0.6
24471500,21.7954,61.5856,spruce,133,44,0.6
23968500,21.7713,61.5780,spruce,273,67,0.6
23966000,21.7367,61.5938,other,38,22,0.8
23968000,21.7275,61.5801,pine,195,56,7.5
13655000,21.6321,61.7667,other,141,43,1.1
10981000,21.6342,61.7385,spruce,280,76,0.6
11012000,21.5815,61.7372,spruce,283,90,1.0
22392000,21.5570,61.7113,spruce,297,86,0.5
24464000,21.5568,61.6956,spruce,330,81,0.8
11120500,21.7398,61.7178,spruce,212,64,0.8
11143500,21.7320,61.6995,spruce,283,92,3.7
24465500,21.6512,61.6857,spruce,61,17,2.0
24466000,21.7157,61.6672,spruce,82,75,1.0
22389500,21.5944,61.6653,spruce,219,82,0.5
22387000,21.7195,61.6292,spruce,329,77,1.4
22391500,21.7242,61.6238,spruce,194,54,2.9
22387500,21.6406,61.6343,pine,63,18,1.4
24464500,21.4694,61.6194,other,170,39,1.0
10355000,22.5861,61.6718,pine,120,39,0.8
10008500,22.5336,61.6564,spruce,239,91,1.3
11849500,22.4434,61.5451,pine,179,73,1.0
10906000,22.5087,61.5539,spruce,284,70,3.3
11850000,22.4049,61.5269,spruce,196,72,1.2
10694000,22.3917,61.5472,pine,130,44,1.5
10233000,22.3703,61.5694,pine,272,93,4.5
10655500,22.3517,61.6020,birch,85,16,1.4
10938000,22.5802,61.1621,spruce,191,54,2.1
10780000,22.5775,61.0261,pine,120,72,1.3
12214000,22.7166,61.1281,pine,256,45,0.8
24868000,22.6128,61.0852,pine,40,12,7.5
24868500,22.6022,61.0720,spruce,109,33,0.7
24869000,22.6450,61.0496,spruce,298,54,0.7
11000000,22.5821,61.1344,spruce,170,48,1.9
11037500,22.6206,61.1380,other,254,49,1.4
14146000,22.7914,62.1664,pine,34,33,0.6
14146500,22.7642,62.1612,pine,144,85,0.8
14141500,22.7489,62.1903,spruce,271,81,0.6
14124500,22.6754,62.1570,pine,81,25,1.4
25549500,22.7245,62.2446,pine,221,65,0.7
25552500,22.6972,62.2184,pine,116,34,1.0
14138000,22.6252,62.1893,pine,144,69,3.2
14379500,22.5422,62.2224,pine,156,48,0.7
14311500,22.5449,62.1961,pine,141,61,1.3
14166000,22.6211,61.9455,pine,57,53,0.5
14236500,22.6241,61.9560,pine,130,38,0.9
11969000,22.5948,61.9462,pine,71,30,1.8
27141500,22.4261,61.8611,pine,204,72,6.2
13963000,22.6707,61.8752,spruce,104,71,0.7
14073000,22.4567,61.8309,pine,107,68,0.9
13975000,22.6578,61.8347,pine,234,61,1.5
13139000,22.5689,61.8281,spruce,145,40,0.7
14002000,22.5677,61.8231,pine,177,72,0.8
14006000,22.6233,61.8344,pine,267,68,2.4
27504000,22.4204,61.8113,pine,57,26,2.1
14076000,22.5126,61.8014,pine,134,62,3.0
13896000,22.7019,61.7994,spruce,347,75,1.2
14080000,22.5896,61.7831,pine,130,61,0.7
14079500,22.6317,61.7731,other,63,26,2.3
14273500,22.4777,61.9798,pine,159,62,1.7
14166500,22.4825,61.9672,spruce,318,80,0.8
11922000,22.5212,61.9502,birch,50,20,5.5
14273000,22.4771,61.9137,pine,178,57,2.4
11994000,22.5984,61.9162,spruce,137,54,0.7
13268000,22.5244,61.9796,pine,155,78,2.0
14275000,22.4207,61.8890,pine,132,55,2.2
27142000,22.2852,61.9491,spruce,318,62,1.1
26474500,22.2443,61.9076,pine,31,76,0.6
26479000,22.1529,61.9089,spruce,95,32,2.7
26475500,22.2114,61.8827,pine,125,41,0.6
27137000,22.3348,61.9013,pine,128,47,1.1
27138500,22.3296,61.9085,pine,165,61,0.9
27138000,22.3192,61.8945,pine,227,49,0.8
27139000,22.3851,61.9219,spruce,276,65,1.3
26475000,22.2496,61.9010,spruce,278,65,0.6
3999000,22.3345,61.8781,other,234,62,0.6
27140000,22.3748,61.8835,pine,138,47,0.8
14253000,22.4281,61.8464,pine,322,84,0.9
27139500,22.3713,61.8864,pine,116,50,1.0
27141000,22.3560,61.8640,pine,172,58,1.7
14068500,22.4263,61.8309,pine,142,21,1.0
17556000,22.0066,61.9689,spruce,49,17,0.7
27142500,22.3654,61.9820,pine,201,60,2.1
16992000,22.3280,61.9747,pine,147,78,3.6
17559500,22.2269,61.9378,spruce,380,100,1.2
17563000,22.1871,61.9235,pine,212,80,0.7
17557000,22.1429,62.0047,pine,185,66,2.4
17561000,22.1031,62.0049,pine,162,83,1.9
17558500,22.1574,61.9320,pine,114,34,2.9
17560000,22.0174,61.9884,pine,129,55,0.7
14075000,22.6970,61.7603,pine,78,47,1.4
14074500,22.6959,61.7655,pine,167,78,1.2
27501500,22.6293,61.7427,pine,147,67,0.8
27501000,22.6277,61.7582,pine,188,64,1.4
27503500,22.6724,61.6983,spruce,371,67,0.9
27503000,22.6433,61.7079,spruce,131,50,0.7
27500500,22.6072,61.7482,spruce,350,74,1.8
25550500,22.6805,62.2824,pine,109,49,1.2
25553500,22.6564,62.2749,pine,31,52,0.8
25552000,22.5935,62.3025,spruce,201,78,1.0
14274000,22.4719,62.0029,pine,65,61,1.6
17276000,22.1928,62.0537,pine,143,67,2.4
17279500,22.1364,62.0477,pine,29,18,0.5
17556500,22.1210,62.0246,pine,185,87,0.6
17561500,22.0937,62.0180,pine,95,53,0.6
16994000,22.2955,62.0226,pine,24,17,7.0
10837000,22.6288,61.2652,spruce,193,45,1.8
10462000,22.5897,61.2631,other,131,36,1.8
10928500,22.6329,61.5687,spruce,65,13,1.2
13962500,22.7307,61.8960,pine,180,38,0.7
13755000,21.5809,62.0183,spruce,243,87,2.4
17773500,21.7711,61.9937,spruce,199,82,1.4
13782000,21.7293,61.9954,spruce,189,76,2.6
13783500,21.7305,61.9860,pine,113,41,1.5
13780500,21.6977,61.9852,spruce,164,68,0.9
14032000,21.5032,61.9861,pine,128,89,0.9
13775000,21.6450,61.9806,spruce,294,82,1.5
10864000,22.5869,61.6350,pine,173,84,2.1
19254500,22.7026,61.6589,pine,165,57,2.0
19251500,22.7099,61.6510,pine,98,54,1.4
10400500,22.6465,61.6695,other,150,60,1.0
10573500,22.6165,61.6396,spruce,203,79,2.5
10960500,22.5604,61.6300,spruce,70,32,0.8
23474000,21.8410,61.0105,spruce,207,54,1.5
16837000,22.3953,62.0770,pine,94,36,1.3
14425000,22.4565,62.0743,pine,138,67,1.4
14426000,22.4020,62.0430,pine,127,52,1.2
13332500,22.5344,62.0464,pine,121,63,4.0
14401500,22.4876,62.0178,pine,128,76,2.5
16836000,22.2796,62.0922,pine,62,29,0.9
16838500,22.3896,62.0719,pine,184,71,2.1
16839000,22.3544,62.0638,pine,79,44,1.1
16991500,22.2793,62.0685,pine,164,66,0.6
16992500,22.3080,62.0448,pine,206,58,2.8
16993500,22.3066,62.0481,pine,205,87,2.4
17278000,22.1818,62.0864,other,147,38,0.7
11909000,22.6400,61.9584,pine,79,25,0.9
14474000,22.4330,62.1367,pine,56,29,0.9
14483000,22.4324,62.1358,pine,132,63,0.5
16837500,22.4016,62.1083,pine,140,71,1.9
13264000,22.5708,62.1114,pine,115,37,1.1
14484000,22.5298,62.1036,pine,150,57,1.0
13265000,22.5811,62.1133,pine,136,62,1.0
14124000,22.6640,62.1115,pine,223,77,2.1
15003500,22.6845,62.0900,spruce,219,58,1.2
14845000,22.5683,62.0535,pine,131,71,0.6
13300000,22.6474,62.0873,other,129,55,0.8
13310000,22.6527,62.0814,pine,41,16,3.0
14301500,22.5274,62.1778,pine,166,45,1.1
14309500,22.4785,62.1877,pine,140,63,0.8
14294500,22.4598,62.1662,pine,105,43,3.3
13406500,22.4591,62.1646,pine,31,32,1.1
25550000,22.8232,62.2609,pine,57,54,1.5
11161000,22.7533,61.8415,spruce,177,68,0.8
11155000,22.8085,61.8204,pine,69,76,1.4
14079000,22.7763,61.7697,pine,156,80,0.6
14023000,22.7988,61.7795,spruce,240,75,1.6
14075500,22.7339,61.7612,pine,22,78,2.3
11843500,22.6905,61.6342,pine,124,52,4.3
9299000,22.3639,61.4798,spruce,199,71,1.6
13251000,22.2336,61.4419,spruce,154,65,0.8
10851500,22.3059,61.3836,spruce,84,13,1.6
10869000,22.2657,61.3657,spruce,274,81,1.8
8897000,22.2095,61.3192,spruce,299,81,0.8
8896000,22.1968,61.3234,pine,185,63,1.2
8900500,22.2015,61.3459,spruce,290,73,0.6
8917000,22.1758,61.3515,birch,44,18,0.9
8895000,22.1823,61.3467,pine,241,36,1.0
8901000,22.1358,61.3765,pine,79,25,0.6
9859500,22.1515,61.2748,pine,139,50,0.7
9849000,22.1283,61.2885,pine,37,34,0.7
8899000,22.1385,61.3395,pine,333,80,4.5
20363500,22.0672,61.3755,spruce,362,89,1.7
24758000,22.0302,61.2403,spruce,109,32,0.5
21061000,22.0244,61.4046,spruce,26,9,0.6
21686500,21.9468,61.3758,pine,172,64,1.0
21649000,22.0105,61.4758,spruce,35,22,0.7
28196500,22.1638,61.4983,spruce,363,106,1.7
14842000,22.1750,61.4909,pine,218,83,1.5
9298500,22.2443,61.4853,pine,23,17,1.2
9299500,22.2659,61.4781,spruce,198,54,0.9
21467500,22.1172,61.4476,other,73,24,1.8
21685500,21.9691,61.4311,pine,212,72,5.0
20363000,22.0224,61.4082,spruce,241,67,1.2
14841000,22.2945,61.4421,pine,255,83,1.4
10641000,22.3087,61.4220,spruce,219,58,1.6
10685000,22.2420,61.3984,spruce,373,90,0.7
8898000,22.1761,61.4044,spruce,72,20,1.3
20935000,22.1348,61.3989,spruce,315,68,1.5
23970000,21.9227,61.5361,spruce,43,15,0.7
21647000,21.9598,61.5214,spruce,234,71,3.4
21649500,21.9625,61.5115,spruce,144,51,0.7
8860000,22.0325,61.5158,spruce,202,72,1.4
8860500,22.0718,61.4893,spruce,247,49,2.7
21648500,21.9903,61.5036,other,91,14,1.0
8859000,22.1046,61.4892,spruce,129,45,0.8
20503000,21.8549,61.2198,pine,171,59,1.5
22371500,22.0212,61.1812,pine,113,72,1.6
22373500,22.0163,61.1765,pine,41,20,0.9
20495500,21.9352,61.1834,pine,315,65,3.9
24156000,21.9184,61.1777,spruce,229,48,0.6
21700000,21.9355,61.3041,spruce,107,16,1.0
21699000,21.9653,61.2970,spruce,365,65,1.0
21686000,21.9584,61.3718,pine,52,15,0.9
21776500,21.9806,61.2250,other,282,58,0.5
21774000,21.9424,61.2855,spruce,285,73,1.5
20932000,21.9274,61.2918,spruce,27,25,0.9
24672500,21.8804,61.3097,spruce,167,57,0.7
24155500,21.8714,61.2752,spruce,58,62,1.3
24154000,21.8687,61.2867,spruce,236,58,0.7
20527500,21.8325,61.4034,other,62,27,1.9
21688000,21.8458,61.3838,spruce,117,56,0.8
21699500,21.8404,61.3581,pine,27,119,1.2
20504000,21.7829,61.2737,spruce,115,39,0.9
20658000,21.7897,61.3405,other,52,15,1.2
20319000,21.7352,61.3567,pine,291,67,6.4
20505000,21.7221,61.2758,spruce,188,50,1.0
20195500,21.7562,61.3944,spruce,259,42,1.4
21687500,21.7514,61.3806,spruce,300,84,3.3
20318500,21.7532,61.3304,spruce,260,57,0.7
20545500,21.7231,61.2132,other,97,31,0.5
23970500,21.8246,61.5457,pine,318,67,1.1
23969000,21.8065,61.5481,pine,174,69,2.3
23971000,21.8774,61.5100,other,79,29,1.9
20527000,21.8531,61.4042,pine,212,59,1.5
20903000,21.7309,61.3947,pine,172,39,0.9
24476000,21.6832,61.4273,other,131,28,1.6
20196000,21.7387,61.4336,spruce,346,72,0.8
24473000,21.6511,61.4849,spruce,236,77,1.2
21584000,21.8411,61.1458,spruce,174,39,1.0
24158000,21.8106,61.1626,pine,249,61,0.7
21583000,21.8335,61.1205,pine,138,65,0.5
24157500,21.8246,61.1776,pine,165,49,0.7
20497000,21.7916,61.1791,pine,70,43,0.5
23473500,21.7969,61.0901,spruce,386,110,0.5
21583500,21.7603,61.1335,spruce,352,84,3.0
22784500,21.7588,61.1878,pine,33,29,1.0
20226500,21.7612,61.1104,other,254,58,1.0
24157000,21.7145,61.1677,spruce,364,84,1.3
20155000,21.6444,61.0763,pine,134,68,0.6
23971500,21.6847,61.5599,pine,60,16,0.6
24475000,21.6506,61.4656,pine,97,22,8.2
20844000,21.6221,61.4107,spruce,214,63,2.4
24474000,21.6149,61.4614,spruce,279,62,0.6
24474500,21.6328,61.4568,pine,197,49,1.8
24472500,21.6334,61.5298,pine,255,70,1.5
24473500,21.6179,61.5002,pine,199,58,1.0
22794000,21.5917,61.3913,spruce,211,55,1.5
24484000,21.5027,61.4999,pine,205,70,1.9
24472000,21.5474,61.4851,pine,157,45,2.2
20102000,21.6456,61.3756,pine,86,15,0.6
21555000,21.5680,61.3113,spruce,313,69,1.7
21550000,21.6852,61.3040,spruce,259,64,1.2
20544500,21.5260,61.2707,spruce,265,63,0.8
21835000,21.6510,61.2761,spruce,205,48,1.0
21836500,21.6228,61.2602,spruce,156,56,0.7
24155000,21.7329,61.2353,pine,34,20,3.1
23998000,21.6237,61.2138,pine,303,79,0.5
23997500,21.6202,61.2198,other,149,26,0.7
23999500,21.5920,61.1910,other,101,24,0.7
20491500,21.4335,61.1947,pine,187,82,0.8
21347500,21.4846,61.1898,other,136,32,0.6
20152000,21.6860,61.0962,pine,70,82,0.5
24158500,21.6824,61.1510,spruce,226,71,0.8
20489500,21.5372,61.1479,pine,120,86,1.3
20153000,21.5725,61.1460,pine,165,44,1.6
20151500,21.5247,61.1067,spruce,164,40,0.6
21348000,21.4980,61.1678,pine,81,60,0.8
4421000,21.4784,61.1655,pine,251,94,0.9
20128500,21.4953,61.1044,pine,207,52,1.3
23615500,21.7213,61.0556,other,88,31,0.9
23475000,21.8169,61.0640,spruce,243,89,1.0
23461000,21.7485,61.0404,spruce,67,40,3.2
23616000,21.7163,61.0234,other,159,40,1.1
23617000,21.6739,61.0254,pine,120,78,1.5
23476000,21.8092,61.0415,pine,165,89,1.1
24163500,21.5427,61.0726,pine,205,78,4.2
10961000,22.4580,61.4416,pine,186,57,1.2
10778000,22.5124,61.4196,spruce,316,83,1.5
9798000,22.4339,61.3672,pine,63,18,0.9
10614000,22.4379,61.3704,spruce,170,65,1.3
10748500,22.5427,61.3894,spruce,276,87,1.2
10736000,22.4201,61.3613,pine,116,51,2.5
10727000,22.3803,61.3361,pine,189,67,1.5
10200000,22.2088,61.2604,pine,126,61,0.6
24759000,22.1466,61.2434,spruce,278,66,0.9
24758500,22.1218,61.2316,pine,75,31,0.7
10014000,22.2063,61.2316,other,329,77,1.0
10309000,22.2363,61.2272,pine,100,57,0.5
10071500,22.2116,61.2070,spruce,228,85,1.4
20397500,22.1635,61.2233,spruce,380,74,1.6
28157000,22.1408,61.2038,spruce,212,83,1.2
10339500,22.3212,61.1984,pine,207,61,2.5
22420500,22.0152,61.1474,spruce,182,59,1.3
20397000,22.1056,61.1836,pine,306,83,1.1
22419500,22.0461,61.1463,pine,303,81,3.0
22372000,21.9698,61.1306,spruce,224,69,0.6
23655000,22.0996,61.1263,pine,68,108,1.4
22420000,22.0917,61.1217,spruce,162,57,0.9
10583500,22.5547,61.3416,pine,254,79,1.5
10578500,22.5432,61.3335,pine,34,88,0.8
10648000,22.4755,61.3262,birch,30,17,0.8
10654000,22.4945,61.3154,birch,25,12,2.5
10553500,22.5613,61.3204,pine,70,16,4.7
10622000,22.4363,61.2723,pine,211,65,1.7
10600000,22.4838,61.2600,pine,101,28,0.7
10506500,22.5708,61.2759,birch,101,22,0.9
10514000,22.4116,61.2582,other,85,39,1.6
23497500,21.9584,61.0912,pine,164,37,4.5
23475500,21.8691,61.0521,pine,180,75,1.9
23473000,21.8524,61.0488,pine,83,30,0.8
12211000,22.8779,61.1179,pine,153,33,3.0
12221000,22.8807,61.1162,spruce,126,34,1.2
12213500,22.8998,61.1117,pine,63,19,1.0
12213000,22.9174,61.0736,spruce,271,65,0.7
12212500,22.9104,61.0798,spruce,184,53,1.1
10120000,22.9127,61.1982,pine,34,16,1.1
12211500,22.8511,61.1355,pine,150,31,3.7
10114500,22.8834,61.1592,pine,293,64,2.8
24139500,22.8949,61.1538,pine,224,63,1.4
24869500,22.6955,61.0148,spruce,46,42,0.6
24848500,22.6466,61.0015,spruce,31,15,0.5
24915500,22.8121,61.0432,spruce,289,65,2.8
24916500,22.7821,61.0305,pine,48,74,8.9
24937500,22.6591,60.9877,pine,142,77,4.9
24577500,22.0160,60.9572,spruce,336,53,1.4
24749500,22.1521,60.9233,pine,153,74,0.6
24751000,22.1875,60.9136,pine,152,56,2.4
24747500,22.1444,60.8947,spruce,239,55,1.0
24578000,22.0365,60.9272,pine,197,38,2.1
24573500,21.9891,60.9367,spruce,309,77,1.5
22649000,21.5331,61.0299,pine,26,15,1.3
22648500,21.4914,61.0077,spruce,310,72,3.8
22667500,21.5725,61.0174,spruce,308,70,1.6
24165000,21.5445,61.0255,spruce,190,64,2.8
20128000,21.5421,61.0128,pine,224,58,0.6
13691500,24.9432,61.2464,spruce,147,43,0.7
12493500,24.9675,61.2062,spruce,24,15,1.1
12492500,24.9506,61.1613,pine,323,95,1.7
13689000,24.9038,61.2485,spruce,322,100,2.2
13689500,24.9194,61.1441,spruce,106,29,0.7
12497000,25.0630,61.1626,spruce,280,79,0.9
12924000,25.1367,61.1185,spruce,380,83,0.6
12928000,25.1848,61.0882,other,107,27,2.8
12929000,25.1554,61.0831,spruce,143,34,0.6
12928500,25.1719,61.0821,spruce,241,56,3.5
17712000,23.8219,61.0783,spruce,303,63,4.2
18173500,24.4350,60.9205,pine,34,22,0.5
18174000,24.4024,60.9977,spruce,243,93,0.5
18172000,24.4467,60.9337,pine,243,68,1.5
26174000,24.3850,60.9396,spruce,367,101,3.4
18170500,24.3969,60.9386,pine,168,65,5.1
26175000,24.4228,60.9423,spruce,252,83,2.2
16428500,24.2901,61.0816,pine,206,58,2.9
16428000,24.2986,61.0796,pine,294,55,1.8
13179500,24.3961,61.0780,spruce,245,67,0.9
16517500,24.3660,61.0461,spruce,203,49,1.3
26031000,24.9583,60.8472,spruce,120,35,0.8
27162500,24.9511,60.8899,spruce,143,27,0.7
16892500,24.9137,60.9361,pine,187,56,2.2
16894500,24.9014,60.9260,spruce,340,86,0.9
16892000,24.8809,60.8823,pine,103,27,0.9
13120000,24.8887,60.9764,spruce,169,41,2.4
26031500,24.9422,60.8316,spruce,32,9,1.4
27164000,24.9199,60.8576,spruce,30,16,2.3
26032000,25.0557,60.8546,pine,92,16,0.6
26030000,25.0526,60.8815,spruce,251,86,0.9
26029500,25.0126,60.8882,pine,253,85,0.5
15709500,24.9948,60.9567,birch,61,21,1.0
15710000,24.9707,60.9436,pine,298,47,0.8
16895000,24.8191,60.9321,pine,192,56,2.1
15820500,24.7989,60.9167,spruce,250,82,1.4
12291000,24.7926,60.9152,spruce,64,32,3.0
15821500,24.7444,60.9157,spruce,273,93,1.4
27165000,24.6966,60.8691,pine,183,69,3.5
25853000,24.8118,60.8448,other,85,28,2.1
27163000,24.7815,60.8424,pine,202,56,0.8
17633000,24.7164,60.9602,spruce,302,72,0.8
15820000,24.6707,60.9000,pine,317,90,3.2
18827500,24.6026,60.9372,other,241,69,1.2
2745500,24.4354,60.9159,spruce,300,63,1.9
26421500,24.4198,60.8766,spruce,52,18,0.5
26146500,24.4105,60.8938,pine,133,24,0.7
19700500,24.4637,60.8292,pine,43,14,2.3
14109000,24.5117,60.7907,spruce,218,55,1.6
14110500,24.6749,60.7705,spruce,384,96,2.4
27884500,24.7330,60.7935,spruce,24,21,5.6
27164500,24.7018,60.7946,spruce,194,58,0.9
14790500,24.6501,60.7621,spruce,282,54,1.1
19493000,24.6610,60.8330,spruce,51,14,3.8
27835500,24.5956,60.7035,spruce,26,18,0.6
27880500,24.7050,60.6974,spruce,329,79,0.6
27883500,24.6858,60.7056,spruce,171,47,1.2
25853500,24.8379,60.7931,spruce,74,34,0.6
27837500,24.6374,60.7167,other,63,11,1.2
25903000,25.0040,60.8115,spruce,47,21,0.6
25905000,25.0054,60.8054,spruce,183,52,0.7
25903500,24.9821,60.7828,spruce,224,65,0.6
25852000,24.8870,60.8146,other,46,22,0.5
25854000,24.8681,60.7805,other,42,14,0.6
27881000,24.7594,60.7809,pine,131,75,1.3
25906000,24.8982,60.7347,spruce,200,55,0.8
27883000,24.8265,60.7452,other,169,29,0.9
26043500,24.8299,60.7199,spruce,231,66,2.6
27881500,24.7415,60.6609,spruce,151,37,1.8
16430500,24.0982,61.1163,pine,186,47,2.7
2722500,24.1040,61.0081,pine,228,33,1.4
2708500,24.0548,60.9957,spruce,230,59,1.8
27862500,23.9099,60.9726,spruce,262,48,0.5
2709000,23.9847,60.9596,pine,168,34,1.7
17009500,23.9588,60.9441,pine,154,46,5.5
11128500,24.2171,60.9708,spruce,201,54,2.7
11125500,24.2254,60.9706,spruce,263,55,0.6
11126500,24.1980,60.9578,spruce,48,27,1.5
11127500,24.1589,60.9693,spruce,182,50,0.7
14803000,24.1079,61.0663,pine,201,67,1.5
16429500,24.1000,61.1030,spruce,328,66,2.2
14218000,24.1660,60.8785,other,219,45,2.2
14218500,24.1368,60.8733,spruce,385,75,0.7
26364500,24.0985,60.9859,birch,52,16,4.9
11559500,24.1333,60.9112,spruce,204,55,1.0
14808500,24.0912,61.0532,spruce,326,80,0.8
14803500,24.0456,61.0242,spruce,202,41,2.0
13936500,23.9783,61.0972,spruce,249,73,2.8
14800500,24.0130,61.0200,spruce,297,58,0.5
14802500,23.9807,61.0258,spruce,207,62,0.8
26365000,24.0333,60.9703,spruce,134,24,0.7
9562500,24.0117,61.0581,spruce,192,61,0.7
13935500,23.9215,61.0506,other,207,41,0.6
13937500,23.9402,61.0350,spruce,24,14,2.7
26422000,24.3472,60.8547,spruce,31,11,3.8
13715500,24.3437,60.8496,spruce,164,36,1.3
13714000,24.2712,60.8207,spruce,54,15,2.4
26423000,24.2961,60.8661,spruce,313,85,0.7
15873000,24.2316,60.9150,pine,339,98,2.3
16851000,24.2161,60.8984,pine,243,47,3.2
26417000,24.2316,60.8507,spruce,82,30,1.0
26418000,24.2062,60.8941,pine,160,37,2.3
19555500,24.4305,60.7494,birch,127,28,0.7
13715000,24.4025,60.7551,spruce,333,57,0.5
14110000,24.4893,60.7674,pine,39,38,1.1
14790000,24.4710,60.7336,spruce,101,28,0.9
13516000,24.7282,61.2997,spruce,196,87,0.5
13695000,24.7924,61.2254,spruce,328,87,0.6
13516500,24.7291,61.2226,pine,75,15,3.8
13514500,24.6687,61.1512,other,119,32,0.5
13511500,24.6724,61.2410,pine,193,66,0.7
13513500,24.6519,61.1989,spruce,199,53,0.9
26137500,24.6473,61.2093,spruce,218,72,0.8
18490500,24.6277,61.1227,spruce,22,18,1.2
13515000,24.5997,61.2003,spruce,303,70,0.8
17592000,24.5632,61.1809,spruce,286,57,0.5
18490000,24.4861,61.1402,spruce,287,63,1.3
18489500,24.4620,61.1410,spruce,243,42,6.4
17591000,24.3997,61.2056,spruce,175,35,0.6
17589000,24.4563,61.2006,pine,182,59,1.1
17589500,24.3551,61.1943,spruce,183,58,1.7
13181000,24.3941,61.1435,other,177,45,1.2
13182500,24.4147,61.1488,other,59,23,2.8
13188500,24.4069,61.1661,pine,333,74,0.7
13123000,24.9749,61.0625,spruce,137,39,0.8
13890000,24.9049,61.1162,spruce,368,95,1.9
19748500,24.8975,61.1365,spruce,301,80,2.5
13985000,24.8543,61.0926,spruce,326,65,1.5
13944000,24.8287,61.0949,pine,137,74,0.9
13943000,24.8084,61.0805,pine,29,86,0.5
13695500,24.8079,61.1918,spruce,388,93,1.9
13701000,24.8159,61.1813,pine,209,71,0.9
13700000,24.7687,61.1577,other,40,49,0.7
13944500,24.7620,61.1040,spruce,160,55,1.8
13890500,24.8423,61.1362,spruce,308,84,1.9
18493000,24.7372,61.1181,spruce,89,33,2.1
13121500,24.8954,61.0375,other,74,27,1.4
13183000,24.4354,61.1183,spruce,287,70,0.8
15710500,25.0181,61.0089,pine,125,47,4.0
13942500,24.8574,61.0493,spruce,212,65,0.8
13983500,24.7911,61.0485,spruce,41,17,0.6
18491000,24.7263,61.0793,spruce,209,70,2.5
18492500,24.6189,61.0818,spruce,197,74,0.7
12920500,25.2136,61.1629,spruce,253,62,1.9
12940000,25.1372,61.1810,spruce,159,62,5.9
26343500,25.1352,61.1744,spruce,297,68,6.9
12906500,25.1503,61.1647,spruce,220,53,1.7
25906500,25.0911,60.7884,spruce,31,20,1.7
26042000,24.9241,60.7170,spruce,297,88,4.3
26040500,25.0438,60.7163,spruce,144,66,0.9
26042500,24.8991,60.6961,spruce,289,90,1.0
26041000,24.8886,60.7047,spruce,283,77,2.3
26041500,24.9428,60.6962,pine,54,24,6.7
18576500,24.2165,60.8110,spruce,78,18,1.0
13714500,24.2372,60.8010,spruce,180,57,0.6
119500,24.3482,60.6709,pine,112,22,1.4
14216500,24.2051,60.7943,spruce,104,26,0.6
14216000,24.1749,60.8159,spruce,135,25,0.7
14214000,24.1547,60.8060,spruce,149,48,1.3
26418500,24.1330,60.8218,spruce,201,54,1.1
14850000,23.9845,60.8310,pine,52,21,1.5
14217500,24.1252,60.7555,pine,347,81,0.9
119000,24.1018,60.7072,spruce,78,23,4.1
118000,24.0797,60.7601,pine,121,56,1.7
14214500,24.1276,60.7116,other,121,44,0.7
14627000,24.2681,60.7867,spruce,46,88,0.8
14215500,24.2380,60.7923,spruce,46,15,0.7
14628000,24.2747,60.7744,other,175,42,0.5
14627500,24.3284,60.7386,spruce,378,87,0.9
12811500,24.3094,60.7806,spruce,258,57,1.1
14629500,24.2449,60.7317,pine,56,25,3.6
112500,24.3023,60.6501,spruce,129,18,2.8
117500,24.4446,60.6681,birch,58,16,0.5
113500,24.5341,60.6940,pine,142,37,3.0
113000,24.5187,60.6853,spruce,296,62,1.8
27832500,24.4714,60.6392,spruce,110,48,1.0
27836500,24.5051,60.6194,spruce,308,89,4.4
27833500,24.5161,60.6111,spruce,277,46,1.0
25706500,24.3408,60.6364,pine,141,79,2.2
27834000,24.4815,60.5594,pine,52,18,2.5
27837000,24.5056,60.5624,spruce,306,74,2.2
27836000,24.5344,60.5698,spruce,256,72,1.5
27839000,24.5321,60.5710,other,44,16,3.6
24859500,23.7657,60.9762,pine,135,47,1.6
24860500,23.7090,61.0049,spruce,28,93,0.5
2687000,23.6905,60.9919,spruce,35,17,2.5
24858000,23.8080,60.9572,spruce,292,81,1.6
27200500,23.6475,60.9822,spruce,262,58,1.6
27860500,23.8727,60.9394,spruce,343,80,0.6
12061000,23.8567,60.8749,spruce,85,41,1.1
14849500,23.9745,60.8353,spruce,185,63,1.2
13995000,23.9256,60.7623,spruce,231,60,1.0
18198500,23.9140,60.7876,other,115,38,0.8
18302500,23.9010,60.8131,spruce,221,45,0.5
27949500,23.8626,60.7379,spruce,211,58,0.8
14217000,24.0798,60.7010,spruce,240,58,2.3
27952000,24.0255,60.7244,pine,151,46,3.0
14084500,24.0044,60.7732,pine,115,53,1.5
27948000,23.9696,60.6907,pine,231,31,0.8
18183500,23.9336,60.7890,pine,130,35,11.3
27949000,23.9175,60.7054,pine,94,19,0.5
27952500,23.9529,60.6440,spruce,270,89,2.7
2980000,23.8273,60.8783,birch,246,32,2.4
14850500,23.8024,60.8172,spruce,287,49,1.8
27951000,23.7718,60.7304,pine,228,68,3.2
25031500,23.6906,60.6889,spruce,75,34,0.9
18719500,23.6610,60.8328,pine,81,16,2.5
25030500,23.5167,60.7259,spruce,184,57,0.6
2980500,23.8040,60.8992,spruce,278,75,3.9
25030000,23.5937,60.6960,spruce,223,67,1.0
24946500,23.2898,60.8916,other,65,21,1.3
25024500,23.4893,60.9252,spruce,253,61,0.9
27914500,23.5712,60.8762,pine,219,85,2.1
25024000,23.5040,60.8780,spruce,317,74,1.7
25023500,23.4218,60.8116,spruce,264,79,1.5
25022500,23.4165,60.8657,spruce,248,52,0.7
24997500,23.2752,60.8664,pine,38,38,0.9
25000000,23.2567,60.8439,pine,142,80,2.3
25026000,23.3635,60.8544,other,88,24,1.3
24997000,23.3076,60.8477,spruce,266,80,1.5
25002500,23.3317,60.8476,spruce,194,60,1.9
25027500,23.4588,60.8298,pine,84,67,1.0
25025500,23.4054,60.8208,pine,23,15,3.4
25026500,23.4145,60.7539,other,234,48,0.6
25003000,23.3375,60.7717,spruce,256,75,1.8
24856500,23.7075,60.9580,spruce,364,90,3.1
24857500,23.7483,60.9408,spruce,297,70,1.6
24859000,23.7301,60.9432,spruce,106,55,1.0
19115000,23.6235,60.8948,spruce,263,64,0.7
19162500,23.6670,60.8918,pine,157,51,1.6
14851000,23.6691,60.8749,pine,194,45,2.0
18774500,23.6582,60.8388,other,109,34,1.1
14848000,23.6761,60.8763,spruce,300,70,1.1
19175500,23.6815,60.8884,pine,24,64,1.5
27915000,23.5611,60.8143,spruce,373,93,1.0
27827500,23.4336,60.9356,pine,183,52,1.4
24999500,23.1909,60.8081,pine,29,15,2.1
24998500,23.1719,60.8540,pine,28,15,1.4
24943500,23.2809,60.9020,spruce,264,59,0.9
24948000,23.4550,60.9649,spruce,45,14,4.2
24947000,23.3457,60.9395,other,144,33,2.3
24947500,23.4153,60.9595,spruce,364,84,1.2
24946000,23.4209,60.9496,pine,109,40,0.6
24945000,23.3521,61.0029,pine,148,32,1.5
24944000,23.2347,60.9808,spruce,247,53,1.2
24861000,23.4974,60.9834,other,148,49,1.6
24856000,23.5116,60.9799,pine,31,12,1.4
27862000,23.8607,60.9710,spruce,215,64,7.1
20633000,22.8468,63.8361,pine,130,40,1.4
20638500,22.8639,63.8275,pine,70,18,1.4
20529500,22.9064,63.7289,spruce,355,82,2.3
20531000,22.9876,63.7699,spruce,29,16,2.3
10772000,21.2873,63.3263,other,98,43,1.4
10773500,21.3850,63.3240,spruce,22,71,0.6
10773000,21.3436,63.3382,spruce,187,99,2.1
3802000,21.1528,63.2580,pine,140,35,3.0
3806500,21.3771,63.2570,spruce,125,49,1.1
3804500,21.1486,63.2226,spruce,190,107,1.7
3800500,21.2540,63.2328,pine,86,21,3.5
3806000,21.4279,63.2415,spruce,192,93,2.1
3808000,21.3356,63.2312,pine,94,28,2.0
3799500,21.2872,63.2183,pine,84,25,4.1
3804000,21.2065,63.2049,pine,36,19,1.5
3807500,21.3895,63.2105,spruce,137,23,0.6
3800000,21.3258,63.1933,spruce,154,63,1.0
3807000,21.4447,63.2057,spruce,227,61,0.9
10676000,21.5240,63.1691,spruce,124,45,1.6
11017500,21.4354,63.0514,pine,136,48,0.9
11644500,21.4939,63.0548,pine,179,42,1.3
11645000,21.5717,63.0405,spruce,228,99,2.6
11018000,21.3990,63.0325,pine,187,56,0.5
11645500,21.5125,63.0195,pine,20,18,0.7
11024000,21.5695,63.0296,pine,138,76,0.6
10969500,21.6223,63.0266,pine,201,79,1.5
10983500,21.5879,62.9634,spruce,243,78,0.6
11341000,21.5268,62.9894,pine,191,46,1.2
11017000,21.3733,63.0538,spruce,215,119,0.7
11535000,21.3865,62.9977,pine,277,55,1.5
11541000,21.4107,62.9659,spruce,118,65,0.9
11543500,21.7046,62.9498,pine,273,81,0.7
13059000,21.7154,62.9156,pine,71,46,2.3
13006000,21.6676,62.8569,spruce,175,62,5.6
13060500,21.7060,62.9388,pine,73,28,1.1
13039000,21.6306,62.8859,pine,21,19,1.0
11500000,21.6645,62.9560,spruce,250,63,0.7
13002500,21.6292,62.8345,pine,218,95,3.7
10984000,21.5907,62.9510,pine,127,55,0.9
13038000,21.6088,62.8776,spruce,306,90,2.3
13041500,21.5627,62.8341,pine,25,32,0.8
13041000,21.5732,62.8327,pine,145,63,0.7
13158500,21.5053,62.9166,pine,27,28,0.8
13150000,21.5316,62.8495,pine,208,63,1.2
10889500,21.4571,62.9552,pine,94,69,0.7
13243500,21.4583,62.9157,pine,157,61,1.7
13137500,21.4149,62.8882,pine,169,39,0.9
13142500,21.3804,62.8634,pine,114,70,0.9
3574500,21.2220,62.8909,spruce,113,80,1.6
3576000,21.2099,62.8498,pine,118,45,1.4
12733500,21.7188,62.8290,pine,79,37,0.7
13072500,21.4840,62.8239,spruce,161,42,1.3
13143000,21.3263,62.8157,pine,116,60,1.0
3577000,21.2760,62.8493,spruce,148,54,1.1
13142000,21.2754,62.8268,spruce,236,77,1.0
13141500,21.1880,62.8375,pine,166,43,4.0
12470000,21.2385,62.8173,pine,106,42,2.0
13042000,21.5350,62.8183,pine,189,85,3.3
21789500,22.7257,63.8168,pine,166,56,3.6
20624000,22.7938,63.8219,pine,143,43,1.7
27247000,22.3531,63.5499,other,139,33,0.5
27247500,22.3178,63.5273,pine,62,38,1.1
27248000,22.4518,63.5025,spruce,175,68,0.6
27248500,22.3796,63.4912,pine,121,27,1.5
26955000,22.5267,63.4254,spruce,320,74,0.6
4032000,22.5041,63.4147,pine,42,37,3.2
26952500,22.4664,63.4648,pine,330,91,0.7
26956500,22.3956,63.4038,spruce,71,18,1.0
27333500,22.3858,63.4279,pine,123,27,1.4
27250000,22.3491,63.4743,spruce,328,84,2.3
27334000,22.3296,63.4038,pine,61,108,0.6
27334500,22.2618,63.4407,pine,169,57,1.0
27332500,22.2687,63.4388,spruce,221,67,3.7
27359500,22.4498,63.3543,spruce,140,58,1.0
27643500,22.6542,63.3562,pine,163,53,1.0
27645000,22.5582,63.3784,spruce,179,54,1.5
27645500,22.5694,63.3740,pine,167,61,2.2
27646000,22.6644,63.3432,pine,93,57,2.4
27649000,22.6172,63.3264,spruce,162,47,0.5
27648500,22.5717,63.3277,pine,35,13,0.8
27460500,22.5268,63.2834,pine,35,12,1.2
27578500,22.5163,63.2942,pine,230,72,1.4
27461500,22.5064,63.2804,pine,248,68,1.1
27460000,22.4667,63.2901,pine,107,51,1.5
27330000,22.1739,63.4238,spruce,214,65,1.6
10478500,22.4984,63.3386,pine,121,60,1.5
27490500,22.2597,62.8307,pine,29,16,4.5
27491000,22.2092,62.8174,spruce,182,60,1.0
27493500,22.1674,62.7826,pine,140,36,5.5
27487500,21.9869,62.7887,spruce,268,82,0.6
27528500,22.2877,62.8098,pine,151,83,4.6
11642500,21.6181,63.2763,spruce,282,90,0.6
28588000,22.2184,63.2227,pine,191,82,1.2
27582000,22.1020,63.3201,pine,149,50,1.7
27580500,22.1353,63.3210,pine,190,39,1.1
17545000,22.0819,63.2898,spruce,141,44,0.9
4065500,22.0914,63.1776,pine,28,21,3.7
18418000,21.9963,63.3208,spruce,228,81,0.7
15425000,22.0426,63.3168,spruce,244,82,2.4
18601000,21.9866,63.2827,spruce,32,13,0.6
4064000,21.9770,63.2369,spruce,34,19,11.3
10546500,21.9532,63.2260,pine,177,38,0.6
8616000,22.0184,63.1993,spruce,43,34,0.7
27591500,22.0461,63.1543,spruce,220,63,2.4
11643000,21.7453,63.3059,pine,98,34,1.5
11643500,21.7757,63.3095,pine,154,42,0.6
12475000,21.7553,63.2522,spruce,83,15,1.5
15414000,22.0855,63.3786,pine,92,36,3.5
28584000,22.2875,63.2905,spruce,226,120,6.4
27577500,22.3944,63.2925,pine,227,59,0.6
28584500,22.3354,63.2876,spruce,185,46,1.5
28585000,22.2761,63.2797,pine,51,47,5.0
28585500,22.2518,63.2834,spruce,217,51,0.8
28586000,22.2543,63.2589,spruce,255,84,2.0
27579000,22.3747,63.2700,pine,119,28,1.1
27005500,22.3190,63.2401,spruce,253,70,2.2
27005000,22.3032,63.2455,spruce,274,66,1.0
28586500,22.2234,63.2335,pine,129,29,1.0
26481000,22.2662,63.2406,pine,67,69,2.2
27004500,22.3992,63.2432,spruce,62,17,1.7
26482000,22.3430,63.2189,spruce,202,74,0.8
26482500,22.3538,63.2109,spruce,276,81,0.7
27004000,22.4426,63.2346,pine,213,73,1.4
26483000,22.2939,63.2090,spruce,214,70,0.6
27462500,22.4594,63.2600,pine,147,50,0.9
27462000,22.4703,63.2536,pine,166,62,1.4
27068500,22.5544,63.2031,pine,25,15,0.7
27069000,22.5376,63.1878,spruce,156,59,0.7
27286500,22.3508,63.0284,pine,379,103,3.7
27285000,22.2986,63.0012,pine,216,88,1.1
27285500,22.2670,63.0247,other,151,31,7.2
27591000,22.2032,63.1555,spruce,325,88,1.3
27593000,22.1894,63.1369,spruce,322,78,2.2
27592000,22.2662,63.0713,pine,197,64,0.9
27592500,22.1580,63.1523,pine,34,25,5.7
26484000,22.2432,63.1740,pine,118,57,1.3
28587500,22.1423,63.1966,pine,241,71,1.5
28587000,22.1648,63.1967,pine,182,60,3.2
26653000,22.1821,63.0304,pine,103,22,1.8
26654500,22.1492,63.0728,pine,222,53,2.6
27347500,22.0722,63.0433,spruce,106,23,0.9
27346500,22.1535,62.9797,spruce,154,68,1.2
27415000,22.0347,63.0078,spruce,219,81,4.7
26653500,22.0756,63.1295,pine,138,75,1.0
26655000,22.0506,63.0819,pine,153,71,1.2
26655500,22.0208,63.1044,spruce,197,66,2.2
27348000,21.9990,63.0499,spruce,126,30,0.5
18188500,21.8879,63.1165,spruce,225,100,0.8
27348500,21.9264,63.0614,spruce,210,49,0.7
8618500,21.8627,63.1448,spruce,190,80,1.3
27349500,21.9495,63.0348,pine,202,57,0.6
8617500,21.8041,63.1325,pine,105,35,1.3
10562500,21.8469,63.0160,spruce,38,20,15.3
11413500,21.7621,63.0188,pine,78,20,1.0
11592000,21.6920,62.9934,other,159,49,0.5
8612500,21.6850,63.1639,birch,102,67,0.8
8608000,21.6739,63.1551,pine,150,52,3.4
8614500,21.7442,63.1906,pine,121,49,1.3
8612000,21.6469,63.1762,pine,79,26,1.0
10969000,21.6990,63.0245,spruce,140,44,0.6
10850500,21.5489,63.2112,pine,122,46,0.9
10849500,21.6223,63.2277,spruce,241,88,3.6
4122500,21.6740,63.0748,pine,153,71,0.9
10579000,21.7252,63.0149,pine,140,34,6.3
10676500,21.6031,63.1430,spruce,262,104,1.4
27287500,22.4254,62.9749,spruce,341,79,0.7
26484500,22.3865,63.1894,spruce,269,62,0.6
27006500,22.4254,63.1913,pine,134,27,0.7
27006000,22.3982,63.2147,pine,91,51,0.8
26483500,22.4121,63.1883,spruce,275,63,1.0
27007000,22.4628,63.1815,pine,53,46,4.2
26486000,22.3549,63.1535,spruce,311,86,0.7
26715000,22.3685,63.1527,pine,21,64,5.7
27069500,22.4815,63.1655,spruce,203,42,1.2
26716000,22.4082,63.1004,pine,70,59,4.1
26715500,22.4814,63.1226,pine,295,69,0.6
26714500,22.3632,63.1248,pine,113,54,1.8
27562000,22.3944,63.0746,pine,20,23,0.7
26717000,22.3359,63.0985,pine,85,71,3.1
27563000,22.4560,63.0237,pine,107,39,1.5
27563500,22.4444,63.0269,pine,76,31,0.8
11591500,21.7435,62.9774,spruce,184,80,0.6
11409000,21.7735,62.9538,spruce,313,108,0.8
27415500,21.9505,62.9553,spruce,50,68,1.7
15883000,21.9223,62.8840,spruce,207,64,0.6
15882500,21.9342,62.8987,pine,179,98,0.7
13834000,21.9521,62.8930,spruce,268,100,0.6
27416000,21.9172,62.9699,spruce,292,67,0.7
1485000,21.8774,62.8905,spruce,201,90,2.2
27417000,21.8676,62.9644,pine,63,44,3.3
14568500,21.8418,62.8625,spruce,24,32,1.5
10565000,21.8422,62.9746,pine,179,55,3.6
12521500,21.8097,62.9472,pine,83,22,1.1
15883500,21.8285,62.9262,pine,138,44,1.6
27403000,22.3291,62.9392,spruce,148,66,0.7
27404500,22.2572,62.9379,pine,198,54,1.5
27401500,22.2372,62.9829,spruce,232,68,0.9
27405000,22.2010,62.9356,spruce,329,85,0.5
27402000,22.1895,62.9482,pine,147,76,2.8
27637000,22.1825,62.9295,spruce,300,83,2.7
27448500,22.1264,62.9173,spruce,203,69,0.5
27448000,22.1050,62.9034,pine,83,31,0.6
27447500,22.0791,62.8967,pine,226,81,0.6
27414500,22.1372,62.9544,pine,260,102,0.7
27418000,22.1478,62.9379,pine,172,50,1.4
1488000,22.0307,62.9081,pine,79,58,0.8
27404000,22.2852,62.9286,spruce,227,76,1.9
21792000,23.1534,63.4067,pine,210,64,0.7
20220000,23.1783,63.3923,pine,119,65,1.0
20224000,23.0361,63.3732,other,174,30,2.6
20133500,23.4105,63.6082,pine,42,15,4.8
21305500,23.3915,63.5774,other,70,39,0.6
22227500,23.3076,63.5212,pine,60,31,3.9
22226500,23.3355,63.4868,pine,91,33,1.3
20560000,23.0769,63.7389,pine,98,37,0.7
22493500,22.9382,63.7326,spruce,280,104,0.7
20576000,23.0940,63.7247,pine,235,101,0.5
22494000,23.0004,63.7035,spruce,263,81,3.0
20530000,22.9278,63.7109,other,157,42,1.0
22497000,22.9165,63.6858,pine,262,52,0.7
20250500,23.2980,63.6801,pine,104,52,1.4
20251500,23.3699,63.6782,pine,148,90,0.7
21078500,23.4279,63.6675,pine,162,41,0.6
20249500,23.3630,63.6655,pine,187,52,0.5
20115500,23.4624,63.6450,spruce,275,53,6.3
22496500,22.9003,63.6933,spruce,134,56,0.7
20251000,23.1867,63.6903,pine,180,67,1.9
20553500,23.1697,63.6884,pine,95,39,0.7
20554000,23.1097,63.7063,pine,217,98,1.2
20578500,23.1063,63.6831,pine,77,41,2.0
20533000,22.9454,63.6721,pine,177,46,1.8
20530500,23.0130,63.7051,spruce,213,48,1.9
20556500,23.1764,63.6677,pine,109,49,0.8
20555000,23.0629,63.6862,pine,159,51,5.6
20556000,23.0348,63.6761,spruce,127,42,3.3
20537500,22.9186,63.6724,pine,339,117,1.5
20208000,23.1206,63.6499,pine,204,57,4.0
20578000,23.0544,63.6685,pine,87,39,4.6
20557000,23.0146,63.6398,pine,125,29,2.6
22863500,22.9745,63.6662,pine,149,62,1.8
20554500,23.1801,63.6419,pine,146,35,10.1
28297000,23.0997,63.6253,spruce,305,101,1.2
20726000,22.8430,63.5414,pine,142,71,2.6
21798000,23.1017,63.6241,spruce,207,99,0.8
21796000,23.1885,63.6030,pine,88,61,1.4
21798500,23.1448,63.5908,pine,80,24,1.1
21809500,22.9924,63.5762,pine,129,57,0.7
21808000,22.9908,63.5708,pine,107,45,0.9
21799500,23.1958,63.5503,pine,47,81,0.8
22466000,23.1293,63.5499,pine,41,14,0.6
20726500,22.9144,63.5404,pine,208,109,0.9
20551500,23.0078,63.5362,pine,260,68,0.9
22941000,23.0835,63.5156,pine,43,22,3.3
20732500,22.9187,63.5209,pine,254,62,0.8
20133000,23.2581,63.6275,pine,40,19,1.7
20252000,23.3238,63.6479,pine,304,62,1.5
20132500,23.2392,63.6085,pine,53,20,3.2
21795500,23.2238,63.6012,pine,100,62,2.7
20090500,23.3497,63.6148,pine,61,26,0.9
21799000,23.2153,63.5767,pine,155,57,2.2
21307000,23.3188,63.5774,spruce,177,69,1.1
20131500,23.2836,63.5773,pine,128,60,1.4
20131000,23.3438,63.5730,pine,220,60,1.0
21797000,23.1824,63.5418,pine,168,62,0.9
22941500,22.9740,63.4404,pine,107,44,6.0
20757500,22.9675,63.4725,pine,76,34,1.8
20738500,22.9519,63.4982,pine,67,17,2.2
22899500,22.9482,63.4729,spruce,125,49,0.7
20730000,22.9269,63.4752,pine,116,50,2.1
20738000,22.9322,63.4953,pine,218,40,0.6
20217500,22.9340,63.4277,pine,78,99,1.0
20562500,22.8521,63.4309,pine,31,18,0.7
20739500,22.8544,63.4544,pine,99,64,2.9
20731000,22.8492,63.4656,pine,57,18,1.8
20730500,22.8286,63.4625,pine,209,87,1.6
20564500,22.8262,63.4343,pine,324,64,1.0
27641000,22.7864,63.4103,pine,142,52,0.7
20762000,23.2285,63.4913,pine,75,35,0.8
22225000,23.2236,63.5151,pine,65,31,1.8
20138000,23.1698,63.4866,pine,78,50,1.8
22499500,23.1401,63.4896,pine,170,68,1.1
22466500,23.1413,63.4727,other,110,36,1.2
22495500,23.1254,63.4651,pine,90,47,1.1
